<?xml version="1.0" encoding="UTF-8"?>
<GenRun Id="impl_1" LaunchPart="xc7a12tcpg238-1" LaunchTime="1751386294">
  <File Type="PA-TCL" Name="bai1.tcl"/>
  <File Type="REPORTS-TCL" Name="bai1_reports.tcl"/>
  <File Type="BITSTR-MSK" Name="bai1.msk"/>
  <File Type="RDI-RDI" Name="bai1.vdi"/>
  <File Type="BG-BIT" Name="bai1.bit"/>
  <File Type="BG-DRC" Name="bai1.drc"/>
  <File Type="BG-BGN" Name="bai1.bgn"/>
  <File Type="BG-BIN" Name="bai1.bin"/>
  <File Type="BITSTR-RBT" Name="bai1.rbt"/>
  <File Type="BITSTR-NKY" Name="bai1.nky"/>
  <File Type="BITSTR-BMM" Name="bai1_bd.bmm"/>
  <File Type="BITSTR-MMI" Name="bai1.mmi"/>
  <File Type="BITSTR-SYSDEF" Name="bai1.sysdef"/>
  <File Type="BITSTR-LTX" Name="debug_nets.ltx"/>
  <File Type="BITSTR-LTX" Name="bai1.ltx"/>
  <File Type="WBT-USG" Name="usage_statistics_webtalk.html"/>
  <File Type="OPT-HWDEF" Name="bai1.hwdef"/>
  <File Type="PLACE-PRE-SIMILARITY" Name="bai1_incremental_reuse_pre_placed.rpt"/>
  <File Type="ROUTE-DCP" Name="bai1_routed.dcp"/>
  <File Type="ROUTE-ERROR-DCP" Name="bai1_routed_error.dcp"/>
  <File Type="ROUTE-BLACKBOX-DCP" Name="bai1_routed_bb.dcp"/>
  <File Type="ROUTE-TIMING-PB" Name="bai1_timing_summary_routed.pb"/>
  <File Type="OPT-DCP" Name="bai1_opt.dcp"/>
  <File Type="PLACE-DCP" Name="bai1_placed.dcp"/>
  <File Type="PWROPT-DCP" Name="bai1_pwropt.dcp"/>
  <File Type="POSTPLACE-PWROPT-DCP" Name="bai1_postplace_pwropt.dcp"/>
  <File Type="PHYSOPT-DCP" Name="bai1_physopt.dcp"/>
  <File Type="POSTROUTE-PHYSOPT-DCP" Name="bai1_postroute_physopt.dcp"/>
  <File Type="POSTROUTE-PHYSOPT-BLACKBOX-DCP" Name="bai1_postroute_physopt_bb.dcp"/>
  <File Type="PDI-FILE" Name="bai1.pdi"/>
  <File Type="RCFI_FILE" Name="bai1.rcfi"/>
  <File Type="CFI_FILE" Name="bai1.cfi"/>
  <File Type="RNPI_FILE" Name="bai1.rnpi"/>
  <File Type="NPI_FILE" Name="bai1.npi"/>
  <File Type="RBD_FILE" Name="bai1.rbd"/>
  <FileSet Name="sources" Type="DesignSrcs" RelSrcDir="$PSRCDIR/sources_1" RelGenDir="$PGENDIR/sources_1">
    <Filter Type="Srcs"/>
    <File Path="$PSRCDIR/sources_1/new/bai1.vhd">
      <FileInfo>
        <Attr Name="ImportPath" Val="$PPRDIR/../ThucHanhDTS/ThucHanhDTS.srcs/sources_1/new/bai1.vhd"/>
        <Attr Name="ImportTime" Val="1751385962"/>
        <Attr Name="UsedIn" Val="synthesis"/>
        <Attr Name="UsedIn" Val="simulation"/>
      </FileInfo>
    </File>
    <Config>
      <Option Name="DesignMode" Val="RTL"/>
      <Option Name="TopModule" Val="bai1"/>
      <Option Name="TopAutoSet" Val="TRUE"/>
    </Config>
  </FileSet>
  <FileSet Name="constrs_in" Type="Constrs" RelSrcDir="$PSRCDIR/constrs_1">
    <Filter Type="Constrs"/>
    <Config>
      <Option Name="ConstrsType" Val="XDC"/>
    </Config>
  </FileSet>
  <FileSet Name="utils" Type="Utils" RelSrcDir="$PSRCDIR/utils_1">
    <Filter Type="Utils"/>
    <Config>
      <Option Name="TopAutoSet" Val="TRUE"/>
    </Config>
  </FileSet>
  <Strategy Version="1" Minor="2">
    <StratHandle Name="Vivado Implementation Defaults" Flow="Vivado Implementation 2020"/>
    <Step Id="init_design"/>
    <Step Id="opt_design"/>
    <Step Id="power_opt_design"/>
    <Step Id="place_design"/>
    <Step Id="post_place_power_opt_design"/>
    <Step Id="phys_opt_design"/>
    <Step Id="route_design"/>
    <Step Id="post_route_phys_opt_design"/>
    <Step Id="write_bitstream"/>
    <Step Id="write_device_image"/>
  </Strategy>
</GenRun>
